probe_id,pop_ips
1001130,143.105.99.86,143.105.99.15,138.84.41.160
1007637,169.155.235.144,188.92.252.215,169.155.235.170
1007645,148.222.205.92,98.97.129.8,138.84.34.204
1008318,216.147.125.223,216.147.123.166
1009606,170.203.205.164,170.203.205.53
1010025,217.142.31.163,217.142.31.49,217.142.31.159
1011163,65.181.3.125,206.83.123.170,65.181.14.116
17889,143.105.152.214,143.105.152.66,143.105.152.208
22802,216.147.125.6,216.147.122.116,216.147.127.31
26201,129.222.194.190,129.222.167.102
32686,145.224.77.205,145.224.77.99,145.224.77.199
51475,145.224.66.189,145.224.66.134
51593,145.224.83.115,145.224.75.186
54866,145.224.66.134,145.224.66.189
60323,145.224.74.20,145.224.74.205,209.198.144.211
60812,129.224.205.155,143.105.211.165
60929,143.105.119.234,98.97.61.129,98.97.27.103
61435,129.222.194.129,129.222.195.110,129.222.193.89
64532,98.97.42.155,98.97.39.78
